Property_Name;Location;Owner_Name;Information_Responsible;Predominant_Soil_Type;Lactating_Cows;Dry_Cows;Heifers;Calves;Bulls;Lactating_Cows_Weight;Dry_Cows_Weight;Heifers_Weight;Calves_Weight;Bulls_Weight;Females;Males;Cows_Discarded_Per_Year;Discarded_Cows_Destination;Productivity;Total_Milk_Production;Milk_Protein_Percentage;Milk_Fat_Percentage;Grass_Fresh;Grass_Hay_On_Farm;Grass_Hay_Off_Farm;Grass_Silage_On_Or_Off_Farm;Maize_Silage;Lucerne_Alfalfa_Silage;Other_Fodder;Straw_Peanut_Hull_Others;Crop_Residues;Hay_Oat_Clover;Sorghum_Silage;Wheat;Barley;Maize_Grain;Oats;Rice;Rye;Sorghum;Other_Cereals;DDG;Soybean_Meal_Hull;Sugarbeet_Molasses;Whey_Powder;Rapeseed_Cake_Meal;Sunflower_Cake_Meal;Cottonseed_Cake_Meal;Beans_Peas;Cassava_Tapioca;Other_Feed;Milk_Powder_Dry_Matter;Citrus_Pulp;Mineral_Mix;Lucerne_Alfalfa_Hay;Brewers_Grain_Brewery_Residue;Total;DMI_Check;Diesel;Gasoline;Other_Fuel;Electricity_Grid;Photovoltaic_Energy;Pasture_Area;Non_Organic_Fertilizer;Organic_Fertilizer;co2_enteric_fermentation;co2_manure_management;co2_fertilizer_emissions;co2_energy_emissions;co2_total_emissions
BR – 1;Santa Catarina;Anonymous;Anonymous;Latossolo Vermelho-Amarelo;13.0;4.0;8.0;15.0;0.0;500.0;530.0;320.0;150.0;0.0;0.0;0.0;4.0;venda;15.4656290832455;73384.41;3.32;4.13;41241.35;0.0;0.0;0.0;0.0;0.0;0.0;0.0;0.0;0.0;0.0;0.0;0.0;0.0;0.0;0.0;0.0;0.0;0.0;0.0;47168.95;0.0;0.0;0.0;0.0;0.0;0.0;0.0;0.0;0.0;0.0;0.0;0.0;0.0;88410.3;88410.3;0.0;0.0;0.0;2500.0;0.0;3.0;2304.0;0.0;51000.0;3471.4500000000003;7209.216;582.5;62263.166
BR – 2;Santa Catarina;Anonymous;Anonymous;Latossolo Vermelho-Amarelo;26.0;5.0;12.0;19.0;0.0;500.0;530.0;320.0;150.0;0.0;0.0;0.0;15.0;venda;17.117210748156;162442.33;3.19;3.96;0.0;18980.0;0.0;6935.0;131400.0;0.0;0.0;0.0;0.0;0.0;0.0;0.0;0.0;0.0;0.0;0.0;0.0;0.0;0.0;0.0;56684.5;0.0;0.0;0.0;0.0;0.0;0.0;0.0;0.0;0.0;0.0;1423.5;0.0;0.0;215423.0;215423.0;2000.0;0.0;0.0;9600.0;0.0;3.5;455.0;0.0;89750.0;6116.7;1423.695;7596.8;104887.195
BR – 3;Santa Catarina;Anonymous;Anonymous;Latossolo Vermelho-Amarelo;30.0;6.0;20.0;27.0;0.0;500.0;530.0;320.0;150.0;0.0;0.0;0.0;12.0;venda;22.7724063926941;249357.85;2.96;3.35;0.0;2190.0;14924.85;36500.0;100740.0;0.0;0.0;0.0;0.0;0.0;0.0;0.0;21900.0;0.0;0.0;0.0;0.0;0.0;0.0;0.0;115741.5;0.0;0.0;0.0;0.0;0.0;0.0;0.0;0.0;0.0;0.0;0.0;0.0;0.0;291996.35;291996.35;2000.0;0.0;0.0;12000.0;0.0;4.0;854.0;0.0;111000.0;7537.35;2672.166;8156.0;129365.516
BR – 4;Santa Catarina;Anonymous;Anonymous;Latossolo Vermelho-Amarelo;32.0;10.0;12.0;9.0;0.0;500.0;530.0;320.0;150.0;0.0;0.0;0.0;9.0;venda;16.7574297945205;195726.78;3.48;4.2;89592.9;0.0;0.0;0.0;45990.0;0.0;0.0;0.0;0.0;0.0;0.0;0.0;0.0;0.0;0.0;0.0;0.0;0.0;0.0;0.0;0.0;0.0;0.0;0.0;0.0;0.0;0.0;0.0;0.0;0.0;0.0;2774.0;0.0;0.0;138356.9;138356.9;600.0;0.0;0.0;9600.0;0.0;4.0;696.0;0.0;106000.0;7598.45;2177.784;3844.8;119621.034
BR – 5;Santa Catarina;Anonymous;Anonymous;Latossolo Vermelho-Amarelo;30.0;4.0;13.0;20.0;0.0;500.0;530.0;320.0;150.0;0.0;0.0;0.0;5.0;venda;19.9678904109589;218648.4;3.31;3.92;153022.6;0.0;0.0;0.0;59130.0;0.0;0.0;0.0;0.0;0.0;0.0;0.0;0.0;0.0;0.0;0.0;0.0;0.0;0.0;0.0;76650.0;0.0;0.0;0.0;0.0;0.0;0.0;0.0;0.0;0.0;0.0;1642.5;0.0;0.0;290445.1;290445.1;0.0;0.0;0.0;12000.0;0.0;3.0;433.5;0.0;99750.0;6743.200000000002;1356.4215000000002;2796.0;110645.6215
BR – 6;Rio Grande do Sul;Anonymous;Anonymous;Argissolo;22.0;7.0;10.0;10.0;0.0;500.0;530.0;320.0;150.0;0.0;0.0;0.0;0.0;venda;17.8282353673724;143160.73;3.39;3.91;85337.0;0.0;0.0;0.0;161512.5;0.0;0.0;0.0;0.0;0.0;0.0;0.0;0.0;3285.0;0.0;0.0;0.0;0.0;0.0;0.0;22995.0;0.0;0.0;0.0;0.0;0.0;0.0;0.0;0.0;0.0;0.0;0.0;0.0;0.0;273129.5;273129.5;4800.0;0.0;0.0;9706.88;0.0;20.0;10500.0;0.0;76250.0;5412.450000000001;32854.5;15125.70304;129642.65304
BR – 7;Rio Grande do Sul;Anonymous;Anonymous;Argissolo;60.0;6.0;60.0;30.0;0.0;550.0;580.0;350.0;200.0;0.0;0.0;0.0;0.0;venda;29.9022168949772;654858.55;3.25;3.99;0.0;0.0;0.0;0.0;1024920.0;0.0;0.0;0.0;0.0;0.0;0.0;0.0;0.0;0.0;0.0;0.0;0.0;0.0;0.0;0.0;265647.0;0.0;0.0;0.0;0.0;0.0;0.0;0.0;0.0;0.0;0.0;0.0;0.0;0.0;1290567.0;1290567.0;6000.0;0.0;0.0;0.0;62400.0;13.3;3990.0;0.0;217500.0;16602.600000000002;12484.71;16080.000000000002;262667.31
BR – 8;Rio Grande do Sul;Anonymous;Anonymous;Argissolo;6.0;2.0;5.0;5.0;0.0;500.0;530.0;320.0;150.0;0.0;0.0;0.0;3.0;venda;11.5444657534247;25282.38;3.31;3.9;25046.3;3248.5;0.0;0.0;16425.0;0.0;0.0;0.0;0.0;0.0;0.0;0.0;0.0;0.0;0.0;0.0;0.0;0.0;0.0;0.0;4022.3;0.0;0.0;0.0;0.0;0.0;0.0;0.0;0.0;0.0;0.0;0.0;0.0;0.0;48742.1;48742.1;0.0;0.0;0.0;4096.0;0.0;7.0;875.0;0.0;23750.0;1661.45;2737.875;954.368;29103.693
BR – 9;Minas Gerais;Anonymous;Anonymous;Latossolo Vermelho;12.0;10.0;10.0;10.0;0.0;450.0;480.0;300.0;150.0;0.0;0.0;0.0;0.0;venda;8.87822374429224;38886.62;3.49;3.63;49968.5;0.0;0.0;0.0;29200.0;0.0;0.0;0.0;0.0;0.0;0.0;0.0;0.0;0.0;0.0;0.0;0.0;0.0;0.0;0.0;0.0;0.0;0.0;0.0;0.0;0.0;0.0;0.0;0.0;0.0;0.0;0.0;0.0;0.0;79168.5;79168.5;0.0;0.0;0.0;4100.0;0.0;0.0;0.0;0.0;55000.0;3739.5000000000005;0.0;955.3000000000001;59694.8
BR – 10;Pernambuco;Anonymous;Anonymous;Planossolo;80.0;11.0;48.0;80.0;0.0;500.0;530.0;320.0;150.0;0.0;0.0;0.0;40.0;venda;19.1667126712329;559668.01;3.14;3.48;218609.45;0.0;0.0;0.0;0.0;0.0;249550.5;0.0;0.0;0.0;0.0;0.0;0.0;100615.9;0.0;0.0;0.0;0.0;0.0;0.0;41595.4;0.0;0.0;0.0;0.0;0.0;0.0;0.0;0.0;0.0;0.0;0.0;0.0;0.0;610371.25;610196.05;1.2;0.0;0.0;95625.0;0.0;150.0;1500.0;0.0;289750.0;19293.15;4693.5;22283.841;336020.49100000004
BR – 11;Rio Grande do Sul;Anonymous;Anonymous;Argissolo;88.0;10.0;32.0;36.0;0.0;650.0;680.0;380.0;200.0;0.0;0.0;0.0;12.0;venda;33.2209311955168;1067056.31;3.16;3.52;71233.4;0.0;0.0;0.0;377629.0;0.0;0.0;7898.6;0.0;5913.0;0.0;0.0;0.0;0.0;102652.6;0.0;0.0;0.0;0.0;0.0;133298.0;0.0;0.0;0.0;0.0;0.0;0.0;0.0;0.0;15768.0;0.0;0.0;0.0;0.0;714392.6;819001.6;5000.0;0.0;0.0;77184.0;0.0;10.0;3000.0;0.0;274500.0;24202.800000000003;9387.0;31383.872;339473.67199999996
BR – 12;Rio Grande do Sul;Anonymous;Anonymous;Argissolo;32.0;9.0;15.0;10.0;0.0;500.0;530.0;320.0;150.0;0.0;0.0;0.0;7.0;venda;19.7551883561644;230740.6;2.23;3.88;177828.0;730.0;0.0;0.0;137240.0;0.0;0.0;0.0;0.0;0.0;0.0;0.0;0.0;0.0;0.0;0.0;0.0;0.0;0.0;0.0;52888.5;0.0;0.0;0.0;0.0;0.0;0.0;0.0;0.0;0.0;0.0;0.0;0.0;0.0;368686.5;368686.5;4000.0;0.0;0.0;6000.0;0.0;25.0;2970.0;0.0;107500.0;7660.150000000001;9293.13;12118.0;136571.28
BR – 13;Rio Grande do Sul;Anonymous;Anonymous;Argissolo;14.0;1.0;0.0;0.0;0.0;500.0;530.0;320.0;150.0;0.0;0.0;0.0;0.0;venda;16.0240587084149;81882.94;3.36;3.98;70080.0;0.0;0.0;0.0;0.0;0.0;0.0;0.0;0.0;0.0;0.0;0.0;0.0;0.0;0.0;0.0;0.0;0.0;0.0;0.0;2861.6;0.0;0.0;0.0;0.0;0.0;0.0;0.0;0.0;0.0;0.0;0.0;0.0;0.0;72941.6;72941.6;72.0;0.0;0.0;4939.52;0.0;6.0;60.0;0.0;36250.0;2509.8500000000004;187.74;1343.8681600000002;40291.458159999995
BR – 14;Rio Grande do Sul;Anonymous;Anonymous;Argissolo;22.0;4.0;4.0;5.0;0.0;500.0;530.0;320.0;150.0;0.0;0.0;0.0;3.0;venda;22.4819626400996;180530.16;3.11;3.65;109149.6;4745.0;0.0;0.0;72635.0;0.0;0.0;0.0;0.0;584.0;0.0;0.0;0.0;0.0;0.0;0.0;0.0;0.0;0.0;0.0;33032.5;0.0;0.0;0.0;0.0;0.0;0.0;0.0;0.0;0.0;0.0;0.0;0.0;0.0;220146.1;219562.1;4550.0;0.0;0.0;9600.0;0.0;6.0;1132.8;0.0;65500.0;4583.550000000001;3544.5312;14430.8;88058.8812
BR – 15;Rio Grande do Sul;Anonymous;Anonymous;Argissolo;16.0;2.0;8.0;9.0;0.0;500.0;530.0;320.0;150.0;0.0;0.0;0.0;0.0;venda;12.3966849315069;72396.64;3.4;4.04;77825.3;0.0;0.0;0.0;22699.35;0.0;0.0;0.0;0.0;0.0;0.0;0.0;0.0;0.0;0.0;0.0;0.0;0.0;0.0;0.0;33762.5;0.0;0.0;0.0;0.0;0.0;0.0;0.0;0.0;0.0;0.0;0.0;0.0;0.0;134287.15;134287.15;600.0;0.0;0.0;0.0;7092.0;10.0;3000.0;0.0;53000.0;3609.25;9387.0;1608.0;67604.25
BR – 16;Rio Grande do Sul;Anonymous;Anonymous;Argissolo;152.0;19.0;82.0;70.0;0.0;650.0;680.0;380.0;200.0;0.0;0.0;0.0;44.0;venda;34.250191961067;1900200.65;3.34;3.58;184193.6;181916.0;0.0;0.0;962596.25;0.0;248988.4;30473.85;0.0;0.0;0.0;0.0;0.0;0.0;29404.4;0.0;0.0;0.0;0.0;0.0;328003.6;0.0;0.0;0.0;0.0;0.0;0.0;0.0;321229.2;0.0;0.0;0.0;0.0;0.0;2286805.3;2286805.3;4000.0;0.0;0.0;460.0;0.0;10.0;3000.0;0.0;500250.0;44116.200000000004;9387.0;10827.18;564580.38
BR – 17;Rio Grande do Sul;Anonymous;Anonymous;Argissolo;23.0;3.0;9.0;11.0;0.0;550.0;580.0;350.0;200.0;0.0;0.0;0.0;1.0;venda;25.0572805241215;210355.87;3.3;3.89;4376.35;0.0;0.0;0.0;130195.5;0.0;16589.25;0.0;0.0;0.0;0.0;0.0;0.0;63663.3;0.0;0.0;0.0;0.0;0.0;0.0;42442.2;0.0;0.0;0.0;0.0;0.0;0.0;0.0;0.0;0.0;0.0;0.0;0.0;0.0;257266.6;257266.6;3000.0;0.0;0.0;14793.0;0.0;6.8;2040.0;0.0;73500.0;5569.3;6383.160000000001;11486.769;96939.229
BR – 18;Rio Grande do Sul;Anonymous;Anonymous;Argissolo;7.0;2.0;1.0;1.0;0.0;500.0;530.0;320.0;150.0;0.0;0.0;0.0;1.0;venda;11.7335342465753;29979.18;3.65;4.23;42887.5;0.0;0.0;0.0;19162.5;0.0;0.0;0.0;0.0;518.3;0.0;0.0;0.0;0.0;985.5;0.0;0.0;0.0;0.0;0.0;657.0;0.0;0.0;0.0;0.0;0.0;0.0;0.0;0.0;0.0;0.0;0.0;0.0;0.0;64210.8;68985.0;800.0;0.0;0.0;57600.0;0.0;3.0;486.0;0.0;21250.0;1526.05;1520.6940000000002;15564.800000000001;39861.544
BR – 19;Rio Grande do Sul;Anonymous;Anonymous;Argissolo;49.0;3.0;12.0;12.0;0.0;550.0;580.0;350.0;200.0;0.0;0.0;0.0;0.0;venda;24.491712608331;438034.28;3.27;3.47;0.0;0.0;0.0;0.0;246648.75;0.0;0.0;0.0;0.0;0.0;0.0;0.0;0.0;47216.4;0.0;0.0;0.0;0.0;0.0;0.0;97425.8;0.0;0.0;0.0;0.0;32193.0;0.0;0.0;0.0;0.0;0.0;0.0;0.0;0.0;423483.95;423483.95;6000.0;0.0;0.0;8600.32;8600.32;32.0;1600.0;0.0;141250.0;10645.300000000001;5006.400000000001;18083.87456;174985.57455999998
BR – 20;Santa Catarina;Anonymous;Anonymous;Latossolo Vermelho-Amarelo;30.0;10.0;2.0;15.0;0.0;500.0;530.0;320.0;150.0;0.0;0.0;0.0;13.0;venda;12.0492127853881;131938.88;3.22;3.83;80300.0;0.0;0.0;0.0;38325.0;0.0;0.0;0.0;0.0;0.0;0.0;0.0;0.0;0.0;0.0;0.0;0.0;0.0;0.0;0.0;0.0;0.0;0.0;0.0;0.0;0.0;0.0;0.0;0.0;0.0;0.0;0.0;0.0;0.0;118625.0;118625.0;2000.0;0.0;0.0;0.0;0.0;40.0;3000.0;0.0;96500.0;6794.950000000002;9387.0;5360.0;118041.95
BR – 21;Minas Gerais;Anonymous;Anonymous;Latossolo Vermelho;60.0;12.0;40.0;70.0;0.0;500.0;530.0;320.0;150.0;0.0;0.0;0.0;0.0;venda;17.3039059360731;378955.54;3.23;3.88;373030.0;0.0;0.0;0.0;0.0;0.0;0.0;0.0;0.0;0.0;0.0;0.0;0.0;0.0;0.0;0.0;0.0;0.0;0.0;0.0;0.0;0.0;0.0;0.0;0.0;0.0;0.0;0.0;0.0;0.0;0.0;15592.8;0.0;0.0;388622.8;528958.0;9300.0;0.0;0.0;32400.0;0.0;86.0;860.0;0.0;230000.0;15374.7;2690.9399999999996;32473.2;280538.84
BR – 22;Rio Grande do Sul;Anonymous;Anonymous;Argissolo;140.0;15.0;47.0;66.0;0.0;550.0;580.0;350.0;200.0;0.0;0.0;0.0;30.0;venda;28.206015851272;1441327.41;3.27;3.76;0.0;148277.6;0.0;0.0;688536.0;0.0;0.0;0.0;0.0;11607.0;0.0;0.0;0.0;266085.0;16293.6;0.0;0.0;0.0;0.0;0.0;574218.0;0.0;0.0;0.0;0.0;104988.6;0.0;0.0;0.0;0.0;0.0;1773.9;0.0;0.0;1811779.7;1800172.7;18000.0;0.0;0.0;0.0;0.0;65.0;650.0;0.0;437000.0;32922.5;2033.8500000000001;48240.0;520196.35
BR – 23;Minas Gerais;Anonymous;Anonymous;Latossolo Vermelho;41.0;14.0;15.0;50.0;0.0;500.0;530.0;320.0;150.0;0.0;0.0;0.0;0.0;venda;11.9087684597394;178214.72;3.27;3.81;208323.75;0.0;0.0;0.0;0.0;0.0;0.0;0.0;0.0;0.0;0.0;0.0;0.0;0.0;0.0;0.0;0.0;0.0;0.0;0.0;0.0;0.0;0.0;0.0;0.0;0.0;0.0;0.0;0.0;0.0;0.0;12118.0;0.0;0.0;220441.75;329503.75;10000.0;0.0;0.0;12000.0;0.0;150.0;750.0;0.0;156250.0;10589.400000000001;2346.75;29596.0;198782.15
BR – 24;Rio Grande do Sul;Anonymous;Anonymous;Argissolo;30.0;1.0;5.0;23.0;0.0;500.0;530.0;320.0;150.0;0.0;0.0;0.0;8.0;venda;20.593697716895;225500.99;3.36;4.0;126045.45;8938.85;0.0;0.0;108240.75;0.0;0.0;0.0;0.0;0.0;0.0;0.0;0.0;0.0;0.0;0.0;0.0;0.0;0.0;0.0;85848.0;0.0;0.0;0.0;0.0;0.0;0.0;0.0;0.0;0.0;0.0;0.0;0.0;0.0;329073.05;330387.05;2000.0;0.0;0.0;0.0;15667.0;12.0;3714.0;0.0;91500.0;5949.1;11621.106;5360.0;114430.206
BR – 25;Santa Catarina;Anonymous;Anonymous;Latossolo Vermelho-Amarelo;20.0;5.0;2.0;10.0;0.0;500.0;530.0;320.0;150.0;0.0;0.0;0.0;5.0;venda;16.1997835616438;118258.42;3.35;3.82;15421.25;0.0;0.0;0.0;0.0;0.0;0.0;0.0;0.0;0.0;0.0;0.0;0.0;25258.0;0.0;0.0;0.0;0.0;0.0;0.0;27740.0;0.0;0.0;0.0;0.0;0.0;0.0;0.0;0.0;0.0;0.0;0.0;0.0;0.0;68419.25;68419.25;7200.0;0.0;0.0;0.0;0.0;12.0;3600.0;0.0;62750.0;4351.95;11264.4;19296.0;97662.34999999999
BR – 26;Rio Grande do Sul;Anonymous;Anonymous;Argissolo;13.0;8.0;6.0;5.0;0.0;500.0;530.0;320.0;150.0;0.0;0.0;0.0;10.0;venda;11.1678482613277;52991.44;3.53;4.28;79190.4;0.0;0.0;0.0;0.0;0.0;0.0;0.0;0.0;0.0;0.0;0.0;0.0;0.0;0.0;0.0;0.0;0.0;0.0;0.0;15147.5;0.0;0.0;0.0;0.0;0.0;0.0;0.0;0.0;0.0;0.0;0.0;0.0;0.0;94337.9;94337.9;360.0;0.0;0.0;4800.0;0.0;30.0;900.0;0.0;49500.0;3688.15;2816.1;2083.2000000000003;58087.45
BR – 27;Rio Grande do Sul;Anonymous;Anonymous;Argissolo;140.0;45.0;138.0;56.0;0.0;550.0;580.0;350.0;200.0;0.0;0.0;0.0;0.0;venda;28.6104168297456;1461992.3;3.37;3.79;97958.7;0.0;0.0;0.0;595114.25;0.0;0.0;0.0;0.0;0.0;0.0;0.0;0.0;0.0;0.0;0.0;0.0;0.0;0.0;0.0;659044.0;0.0;0.0;0.0;0.0;0.0;0.0;0.0;226665.0;0.0;0.0;0.0;0.0;0.0;1578781.95;1652694.45;24000.0;0.0;0.0;0.0;0.0;104.0;1040.0;0.0;537750.0;42668.5;3254.16;64320.00000000001;647992.66
BR – 28;Santa Catarina;Anonymous;Anonymous;Latossolo Vermelho-Amarelo;20.0;4.0;4.0;12.0;0.0;500.0;530.0;320.0;150.0;0.0;0.0;0.0;10.0;venda;20.4096616438356;148990.53;3.51;4.24;107602.0;0.0;0.0;0.0;38325.0;0.0;0.0;0.0;0.0;0.0;0.0;0.0;0.0;0.0;0.0;0.0;0.0;0.0;0.0;0.0;0.0;0.0;0.0;0.0;0.0;0.0;0.0;0.0;0.0;0.0;0.0;0.0;0.0;0.0;145927.0;145927.0;2000.0;0.0;0.0;0.0;0.0;8.0;2400.0;0.0;64000.0;4374.8;7509.599999999999;5360.0;81244.40000000001
BR – 29;Rio Grande do Sul;Anonymous;Anonymous;Argissolo;6.0;6.0;0.0;7.0;0.0;650.0;680.0;380.0;200.0;0.0;0.0;0.0;0.0;venda;33.3369863013699;73008.0;3.06;3.36;44497.15;0.0;0.0;0.0;0.0;0.0;0.0;0.0;0.0;0.0;0.0;0.0;0.0;7223.35;0.0;0.0;0.0;0.0;0.0;0.0;5347.25;0.0;0.0;0.0;0.0;5526.1;0.0;0.0;0.0;0.0;0.0;0.0;0.0;0.0;62593.85;62593.85;1740.0;0.0;0.0;4673.0;0.0;13.0;1560.0;0.0;26000.0;2500.6000000000004;4881.24;5752.009000000001;39133.848999999995
BR – 30;Pernambuco;Anonymous;Anonymous;Planossolo;6.0;6.0;0.0;7.0;0.0;500.0;530.0;320.0;150.0;0.0;0.0;0.0;0.0;venda;18.2860273972603;40046.4;3.06;3.37;51490.55;0.0;0.0;0.0;0.0;0.0;0.0;0.0;0.0;0.0;0.0;0.0;0.0;0.0;0.0;0.0;0.0;0.0;0.0;0.0;0.0;0.0;0.0;0.0;0.0;0.0;0.0;0.0;0.0;0.0;0.0;0.0;0.0;0.0;51490.55;51490.55;0.0;0.0;0.0;1.0;0.0;5.0;1500.0;0.0;26000.0;1930.3500000000004;4693.5;0.233;32624.083
BR – 31;Santa Catarina;Anonymous;Anonymous;Latossolo Vermelho-Amarelo;14.0;4.0;0.0;12.0;0.0;500.0;530.0;320.0;150.0;0.0;0.0;0.0;11.0;venda;10.1552759295499;51893.46;3.36;4.27;22374.5;0.0;0.0;0.0;35770.0;0.0;0.0;0.0;0.0;0.0;0.0;0.0;0.0;0.0;0.0;0.0;0.0;0.0;0.0;0.0;35697.0;0.0;0.0;0.0;0.0;0.0;0.0;0.0;0.0;0.0;0.0;2299.5;0.0;0.0;96141.0;96141.0;480.0;0.0;0.0;0.0;0.0;0.0;0.0;0.0;46000.0;3124.4;0.0;1286.4;50410.8
BR – 32;Santa Catarina;Anonymous;Anonymous;Latossolo Vermelho-Amarelo;11.0;6.0;5.0;10.0;0.0;500.0;530.0;320.0;150.0;0.0;0.0;0.0;0.0;venda;12.8784632627646;51707.03;3.48;4.38;78248.7;0.0;0.0;0.0;1277.5;0.0;0.0;0.0;0.0;0.0;0.0;0.0;0.0;0.0;0.0;0.0;0.0;0.0;0.0;0.0;0.0;0.0;0.0;0.0;0.0;0.0;0.0;0.0;0.0;0.0;0.0;292.0;0.0;0.0;79818.2;79818.2;720.0;0.0;0.0;0.0;0.0;15.0;210.0;0.0;43750.0;3124.6000000000004;657.09;1929.6000000000001;49461.28999999999
BR – 33;Rio Grande do Sul;Anonymous;Anonymous;Argissolo;31.0;2.0;6.0;15.0;0.0;500.0;530.0;320.0;150.0;0.0;0.0;0.0;6.0;venda;19.5612611577552;221335.67;3.29;3.76;149525.9;6380.2;0.0;22630.0;89936.0;0.0;0.0;0.0;0.0;620.5;0.0;0.0;0.0;33054.4;0.0;0.0;0.0;0.0;0.0;0.0;42037.05;0.0;0.0;0.0;0.0;0.0;0.0;0.0;0.0;0.0;0.0;0.0;0.0;0.0;344184.05;345089.25;2880.0;0.0;0.0;0.0;14860.0;10.0;777.8;0.0;92000.0;6156.55;2433.7362;7718.400000000001;108308.6862
BR – 34;Rio Grande do Sul;Anonymous;Anonymous;Argissolo;12.0;4.0;4.0;6.0;0.0;500.0;530.0;320.0;150.0;0.0;0.0;0.0;0.0;venda;12.4049155251142;54333.53;3.28;3.9;0.0;0.0;0.0;0.0;33215.0;0.0;0.0;0.0;0.0;0.0;941.7;0.0;0.0;0.0;0.0;0.0;0.0;0.0;0.0;0.0;22995.0;0.0;0.0;0.0;0.0;0.0;0.0;0.0;0.0;0.0;0.0;0.0;941.7;0.0;58093.4;83431.7;1200.0;0.0;0.0;0.0;3110.0;3.0;544.8;0.0;41000.0;2902.3;1704.6791999999998;3216.0;48822.9792
BR – 35;Rio Grande do Sul;Anonymous;Anonymous;Argissolo;70.0;13.0;20.0;55.0;0.0;550.0;580.0;350.0;200.0;0.0;0.0;0.0;15.0;venda;25.9870007827789;663967.87;3.41;3.85;484917.1;0.0;0.0;0.0;281670.5;0.0;0.0;0.0;0.0;41518.75;0.0;0.0;0.0;44968.0;12446.5;0.0;0.0;0.0;0.0;0.0;211225.5;0.0;0.0;0.0;0.0;0.0;0.0;0.0;0.0;0.0;0.0;0.0;0.0;0.0;1076746.35;1076746.35;2400.0;0.0;0.0;0.0;0.0;90.0;900.0;0.0;233750.0;17572.300000000003;2816.1;6432.0;260570.4
BR – 36;Rio Grande do Sul;Anonymous;Anonymous;Argissolo;16.0;1.0;9.0;1.0;0.0;550.0;580.0;350.0;200.0;0.0;0.0;0.0;0.0;venda;26.0582945205479;152180.44;3.19;3.54;84672.7;0.0;0.0;0.0;79825.5;0.0;0.0;0.0;0.0;0.0;0.0;0.0;0.0;0.0;0.0;0.0;0.0;0.0;0.0;0.0;18688.0;0.0;0.0;0.0;0.0;0.0;0.0;0.0;0.0;0.0;0.0;0.0;0.0;0.0;183186.2;183186.2;1200.0;0.0;0.0;10789.76;0.0;15.5;0.0;0.0;48500.0;3726.1000000000004;0.0;5730.014080000001;57956.11408
BR – 37;Rio Grande do Sul;Anonymous;Anonymous;Argissolo;32.0;2.0;12.0;13.0;0.0;500.0;530.0;320.0;150.0;0.0;0.0;0.0;2.0;venda;12.4881327054795;145861.39;3.73;4.55;123866.4;18980.0;0.0;0.0;0.0;0.0;0.0;0.0;0.0;0.0;0.0;0.0;0.0;0.0;0.0;0.0;0.0;0.0;0.0;0.0;45515.5;0.0;0.0;0.0;0.0;0.0;0.0;0.0;0.0;0.0;0.0;0.0;0.0;0.0;188361.9;188361.9;150.0;0.0;0.0;8400.0;0.0;20.0;2740.0;0.0;98000.0;6634.650000000001;8573.460000000001;2359.2;115567.31
BR – 38;Rio Grande do Sul;Anonymous;Anonymous;Argissolo;25.0;17.0;6.0;40.0;0.0;500.0;530.0;320.0;150.0;0.0;0.0;0.0;40.0;venda;17.0465282191781;155549.57;3.06;3.24;193398.9;0.0;0.0;0.0;0.0;0.0;0.0;0.0;0.0;0.0;0.0;0.0;0.0;4106.25;0.0;0.0;0.0;0.0;0.0;0.0;52377.5;0.0;0.0;0.0;0.0;0.0;0.0;0.0;0.0;0.0;0.0;0.0;0.0;0.0;249882.65;257182.65;5000.0;0.0;0.0;9688.0;0.0;50.0;500.0;0.0;108250.0;7553.05;1564.5;15657.304;133024.854
BR – 39;São Paulo;Anonymous;Anonymous;Nitossolo;9.0;4.0;4.0;5.0;0.0;500.0;530.0;320.0;150.0;0.0;0.0;0.0;9.0;venda;12.876097412481;42297.98;3.25;3.77;66247.5;0.0;0.0;0.0;8668.75;0.0;0.0;0.0;0.0;0.0;0.0;0.0;0.0;0.0;0.0;0.0;0.0;0.0;0.0;0.0;0.0;0.0;0.0;0.0;0.0;0.0;0.0;0.0;0.0;0.0;0.0;0.0;0.0;0.0;74916.25;84771.25;100.0;0.0;0.0;1612.8;0.0;3.0;0.0;0.0;33000.0;2373.5499999999997;0.0;643.7824;36017.3324
BR – 40;Rio Grande do Sul;Anonymous;Anonymous;Argissolo;18.0;5.0;11.0;5.0;0.0;500.0;530.0;320.0;150.0;0.0;0.0;0.0;3.0;venda;12.5710167427702;82591.58;3.23;3.88;103630.8;0.0;0.0;0.0;0.0;0.0;0.0;0.0;0.0;0.0;6570.0;0.0;0.0;0.0;0.0;0.0;0.0;0.0;0.0;0.0;26791.0;0.0;0.0;0.0;0.0;0.0;0.0;0.0;0.0;0.0;0.0;803.0;6570.0;0.0;144364.8;137794.8;0.0;0.0;0.0;4953.0;0.0;5.0;270.0;0.0;62000.0;4436.6;844.83;1154.049;68435.479
BR – 41;Rio Grande do Sul;Anonymous;Anonymous;Argissolo;11.0;5.0;3.0;5.0;0.0;500.0;530.0;320.0;150.0;0.0;0.0;0.0;0.0;venda;18.6890485678705;75036.53;3.41;4.01;46263.75;0.0;0.0;0.0;46117.75;0.0;0.0;0.0;0.0;0.0;0.0;0.0;0.0;0.0;0.0;0.0;0.0;0.0;0.0;0.0;14454.0;0.0;0.0;0.0;0.0;0.0;0.0;0.0;0.0;0.0;0.0;0.0;0.0;0.0;106835.5;106835.5;100.0;0.0;0.0;0.0;4672.0;3.0;262.8;0.0;38500.0;2785.8;822.3012000000001;268.0;42376.101200000005
BR – 42;Rio Grande do Sul;Anonymous;Anonymous;Argissolo;24.0;6.0;12.0;9.0;0.0;500.0;530.0;320.0;150.0;0.0;0.0;0.0;15.0;venda;17.093649543379;149740.37;3.59;4.5;82869.6;32236.8;0.0;19929.0;92834.1;0.0;0.0;0.0;0.0;7446.0;0.0;0.0;0.0;0.0;0.0;0.0;0.0;0.0;0.0;0.0;70101.9;0.0;0.0;0.0;0.0;0.0;0.0;0.0;0.0;0.0;0.0;0.0;0.0;0.0;305417.4;297971.4;3000.0;0.0;0.0;9953.0;0.0;10.0;3050.0;0.0;81000.0;5719.050000000001;9543.449999999999;10359.049;106621.549
BR – 43;Rio Grande do Sul;Anonymous;Anonymous;Argissolo;8.0;1.0;2.0;6.0;0.0;500.0;530.0;320.0;150.0;0.0;0.0;0.0;4.0;venda;20.5894178082192;60121.1;3.69;4.64;47986.55;0.0;0.0;0.0;0.0;0.0;0.0;0.0;0.0;0.0;0.0;0.0;0.0;0.0;0.0;0.0;0.0;0.0;0.0;0.0;13140.0;0.0;0.0;0.0;0.0;0.0;0.0;0.0;0.0;0.0;0.0;0.0;0.0;0.0;61126.55;61126.55;120.0;0.0;0.0;3602.0;0.0;3.0;84.6;0.0;25750.0;1717.5500000000004;264.7134;1160.866;28893.129399999998
BR – 44;Rio Grande do Sul;Anonymous;Anonymous;Argissolo;18.0;3.0;3.0;6.0;0.0;500.0;530.0;320.0;150.0;0.0;0.0;0.0;10.0;venda;20.8505235920852;136987.94;3.11;3.66;3547.8;0.0;0.0;0.0;118818.45;0.0;0.0;0.0;0.0;1971.0;1971.0;0.0;0.0;0.0;0.0;0.0;0.0;0.0;0.0;0.0;30681.9;0.0;0.0;0.0;0.0;0.0;0.0;0.0;0.0;0.0;0.0;459.9;0.0;0.0;157450.05;157450.05;1800.0;0.0;0.0;0.0;16128.0;5.0;1160.0;0.0;54000.0;3734.8500000000004;3629.64;4824.0;66188.48999999999
BR – 45;Rio Grande do Sul;Anonymous;Anonymous;Argissolo;13.0;1.0;3.0;0.0;0.0;500.0;530.0;320.0;150.0;0.0;0.0;0.0;1.0;venda;16.0432539515279;76125.24;3.15;3.95;59520.55;0.0;0.0;0.0;1460.0;0.0;0.0;0.0;0.0;0.0;0.0;0.0;0.0;0.0;0.0;0.0;0.0;0.0;0.0;0.0;17410.5;0.0;0.0;0.0;0.0;0.0;0.0;0.0;7117.5;0.0;0.0;0.0;0.0;0.0;85508.55;85508.55;480.0;0.0;0.0;4839.0;0.0;6.0;882.0;0.0;36000.0;2512.65;2759.7780000000002;2413.887;43686.315
BR – 46;Rio Grande do Sul;Anonymous;Anonymous;Argissolo;26.0;3.0;10.0;9.0;0.0;500.0;530.0;320.0;150.0;0.0;0.0;0.0;19.0;venda;17.9488082191781;170334.19;3.27;3.92;35850.3;7683.25;0.0;0.0;60553.5;0.0;0.0;0.0;0.0;2792.25;0.0;0.0;0.0;3120.75;0.0;0.0;0.0;0.0;0.0;0.0;37240.95;0.0;0.0;0.0;0.0;0.0;0.0;0.0;0.0;2956.5;0.0;208.05;0.0;0.0;150405.55;147613.3;1800.0;0.0;0.0;10368.0;0.0;6.0;1452.0;0.0;80750.0;5554.3;4543.308;7239.744000000001;98087.35200000001
BR – 47;Rio Grande do Sul;Anonymous;Anonymous;Argissolo;109.0;10.0;40.0;65.0;0.0;550.0;580.0;350.0;200.0;0.0;0.0;0.0;15.0;venda;27.0477974110846;1076096.62;3.3;3.72;0.0;85410.0;0.0;0.0;538010.0;0.0;0.0;0.0;0.0;0.0;0.0;0.0;0.0;59677.5;0.0;0.0;0.0;0.0;0.0;0.0;216901.25;0.0;0.0;0.0;0.0;0.0;0.0;0.0;0.0;14235.0;0.0;15914.0;0.0;0.0;930147.75;950040.25;15000.0;0.0;0.0;82392.0;0.0;7.0;2100.0;0.0;347500.0;25949.0;6570.900000000001;59397.335999999996;439417.23600000003
BR – 48;Rio Grande do Sul;Anonymous;Anonymous;Argissolo;64.0;6.0;16.0;30.0;0.0;500.0;530.0;320.0;150.0;0.0;0.0;0.0;7.0;venda;23.6658373287671;552833.96;3.25;3.82;55370.5;35040.0;0.0;0.0;354196.0;0.0;0.0;0.0;0.0;0.0;0.0;0.0;0.0;0.0;0.0;0.0;0.0;0.0;0.0;0.0;170323.6;0.0;0.0;0.0;0.0;0.0;0.0;0.0;0.0;0.0;0.0;0.0;0.0;0.0;614930.1;614930.1;0.0;0.0;0.0;0.0;2000.0;70.0;7000.0;0.0;194500.0;13143.2;21903.0;0.0;229546.2
BR – 49;Rio Grande do Sul;Anonymous;Anonymous;Argissolo;6.0;2.0;5.0;5.0;0.0;500.0;530.0;320.0;150.0;0.0;0.0;0.0;4.0;venda;10.8535662100457;23769.31;3.25;3.88;46110.45;0.0;0.0;0.0;5621.0;0.0;0.0;0.0;0.0;0.0;0.0;0.0;0.0;0.0;0.0;0.0;0.0;0.0;0.0;0.0;1051.2;0.0;0.0;0.0;0.0;0.0;0.0;0.0;0.0;0.0;0.0;0.0;0.0;0.0;52782.65;52782.65;0.0;0.0;0.0;7800.0;0.0;4.8;0.0;0.0;23750.0;1661.45;0.0;1817.4;27228.850000000002
BR – 50;Santa Catarina;Anonymous;Anonymous;Latossolo Vermelho-Amarelo;27.0;6.0;14.0;15.0;0.0;500.0;530.0;320.0;150.0;0.0;0.0;0.0;0.0;venda;21.3701745306951;210603.07;3.63;4.53;1292.1;0.0;8814.75;0.0;95429.25;0.0;0.0;0.0;0.0;0.0;0.0;0.0;0.0;0.0;0.0;0.0;0.0;0.0;0.0;0.0;93622.5;0.0;0.0;0.0;0.0;0.0;0.0;0.0;0.0;0.0;0.0;0.0;0.0;0.0;199158.6;199158.6;0.0;0.0;0.0;38172.0;0.0;12.0;3600.0;0.0;93000.0;6456.750000000001;11264.4;8894.076000000001;119615.226
